"","x_pos","y_pos","color"
"1",1,1,"purple"
"2",1,2,"yellow"
"3",1,3,"purple"
"4",1,4,"purple"
"5",1,5,"orange"
"6",1,6,"green"
"7",1,7,"blue"
"8",1,8,"orange"
"9",1,9,"blue"
"10",1,10,"green"
"11",1,11,"yellow"
"12",1,12,"purple"
"13",1,13,"yellow"
"14",1,14,"blue"
"15",1,15,"green"
"16",1,16,"red"
"17",1,17,"green"
"18",1,18,"purple"
"19",1,19,"yellow"
"20",1,20,"green"
"21",1,21,"green"
"22",1,22,"blue"
"23",1,23,"yellow"
"24",1,24,"green"
"25",1,25,"yellow"
"26",1,26,"blue"
"27",1,27,"blue"
"28",1,28,"orange"
"29",1,29,"red"
"30",1,30,"orange"
"31",1,31,"yellow"
"32",1,32,"blue"
"33",1,33,"red"
"34",1,34,"yellow"
"35",1,35,"green"
"36",1,36,"blue"
"37",1,37,"yellow"
"38",1,38,"yellow"
"39",1,39,"purple"
"40",1,40,"blue"
"41",1,41,"red"
"42",1,42,"purple"
"43",1,43,"orange"
"44",1,44,"purple"
"45",1,45,"green"
"46",1,46,"purple"
"47",1,47,"purple"
"48",1,48,"yellow"
"49",1,49,"orange"
"50",1,50,"red"
"51",2,1,"red"
"52",2,2,"purple"
"53",2,3,"red"
"54",2,4,"purple"
"55",2,5,"purple"
"56",2,6,"blue"
"57",2,7,"orange"
"58",2,8,"purple"
"59",2,9,"purple"
"60",2,10,"green"
"61",2,11,"red"
"62",2,12,"green"
"63",2,13,"yellow"
"64",2,14,"purple"
"65",2,15,"orange"
"66",2,16,"purple"
"67",2,17,"purple"
"68",2,18,"yellow"
"69",2,19,"purple"
"70",2,20,"red"
"71",2,21,"orange"
"72",2,22,"blue"
"73",2,23,"green"
"74",2,24,"blue"
"75",2,25,"red"
"76",2,26,"purple"
"77",2,27,"green"
"78",2,28,"purple"
"79",2,29,"orange"
"80",2,30,"orange"
"81",2,31,"blue"
"82",2,32,"purple"
"83",2,33,"purple"
"84",2,34,"red"
"85",2,35,"red"
"86",2,36,"blue"
"87",2,37,"green"
"88",2,38,"orange"
"89",2,39,"purple"
"90",2,40,"blue"
"91",2,41,"orange"
"92",2,42,"blue"
"93",2,43,"green"
"94",2,44,"green"
"95",2,45,"yellow"
"96",2,46,"red"
"97",2,47,"red"
"98",2,48,"blue"
"99",2,49,"purple"
"100",2,50,"orange"
"101",3,1,"green"
"102",3,2,"yellow"
"103",3,3,"orange"
"104",3,4,"red"
"105",3,5,"red"
"106",3,6,"green"
"107",3,7,"blue"
"108",3,8,"purple"
"109",3,9,"blue"
"110",3,10,"yellow"
"111",3,11,"yellow"
"112",3,12,"blue"
"113",3,13,"purple"
"114",3,14,"purple"
"115",3,15,"blue"
"116",3,16,"green"
"117",3,17,"green"
"118",3,18,"yellow"
"119",3,19,"purple"
"120",3,20,"yellow"
"121",3,21,"blue"
"122",3,22,"purple"
"123",3,23,"green"
"124",3,24,"green"
"125",3,25,"red"
"126",3,26,"orange"
"127",3,27,"red"
"128",3,28,"purple"
"129",3,29,"green"
"130",3,30,"purple"
"131",3,31,"purple"
"132",3,32,"orange"
"133",3,33,"blue"
"134",3,34,"green"
"135",3,35,"purple"
"136",3,36,"orange"
"137",3,37,"purple"
"138",3,38,"purple"
"139",3,39,"red"
"140",3,40,"blue"
"141",3,41,"blue"
"142",3,42,"green"
"143",3,43,"yellow"
"144",3,44,"blue"
"145",3,45,"purple"
"146",3,46,"purple"
"147",3,47,"green"
"148",3,48,"green"
"149",3,49,"orange"
"150",3,50,"purple"
"151",4,1,"blue"
"152",4,2,"green"
"153",4,3,"purple"
"154",4,4,"blue"
"155",4,5,"green"
"156",4,6,"blue"
"157",4,7,"blue"
"158",4,8,"purple"
"159",4,9,"yellow"
"160",4,10,"green"
"161",4,11,"green"
"162",4,12,"blue"
"163",4,13,"green"
"164",4,14,"blue"
"165",4,15,"purple"
"166",4,16,"orange"
"167",4,17,"yellow"
"168",4,18,"purple"
"169",4,19,"blue"
"170",4,20,"purple"
"171",4,21,"red"
"172",4,22,"purple"
"173",4,23,"orange"
"174",4,24,"green"
"175",4,25,"blue"
"176",4,26,"green"
"177",4,27,"purple"
"178",4,28,"purple"
"179",4,29,"purple"
"180",4,30,"blue"
"181",4,31,"yellow"
"182",4,32,"yellow"
"183",4,33,"red"
"184",4,34,"green"
"185",4,35,"green"
"186",4,36,"green"
"187",4,37,"orange"
"188",4,38,"yellow"
"189",4,39,"blue"
"190",4,40,"orange"
"191",4,41,"yellow"
"192",4,42,"blue"
"193",4,43,"yellow"
"194",4,44,"blue"
"195",4,45,"blue"
"196",4,46,"green"
"197",4,47,"orange"
"198",4,48,"green"
"199",4,49,"purple"
"200",4,50,"yellow"
"201",5,1,"green"
"202",5,2,"purple"
"203",5,3,"purple"
"204",5,4,"green"
"205",5,5,"red"
"206",5,6,"orange"
"207",5,7,"purple"
"208",5,8,"green"
"209",5,9,"green"
"210",5,10,"green"
"211",5,11,"red"
"212",5,12,"purple"
"213",5,13,"yellow"
"214",5,14,"purple"
"215",5,15,"green"
"216",5,16,"purple"
"217",5,17,"purple"
"218",5,18,"purple"
"219",5,19,"red"
"220",5,20,"orange"
"221",5,21,"red"
"222",5,22,"green"
"223",5,23,"green"
"224",5,24,"orange"
"225",5,25,"purple"
"226",5,26,"purple"
"227",5,27,"yellow"
"228",5,28,"purple"
"229",5,29,"purple"
"230",5,30,"purple"
"231",5,31,"orange"
"232",5,32,"purple"
"233",5,33,"purple"
"234",5,34,"green"
"235",5,35,"yellow"
"236",5,36,"orange"
"237",5,37,"green"
"238",5,38,"green"
"239",5,39,"purple"
"240",5,40,"green"
"241",5,41,"blue"
"242",5,42,"purple"
"243",5,43,"purple"
"244",5,44,"yellow"
"245",5,45,"purple"
"246",5,46,"blue"
"247",5,47,"purple"
"248",5,48,"purple"
"249",5,49,"orange"
"250",5,50,"yellow"
"251",6,1,"purple"
"252",6,2,"yellow"
"253",6,3,"blue"
"254",6,4,"yellow"
"255",6,5,"orange"
"256",6,6,"purple"
"257",6,7,"green"
"258",6,8,"blue"
"259",6,9,"blue"
"260",6,10,"purple"
"261",6,11,"purple"
"262",6,12,"green"
"263",6,13,"orange"
"264",6,14,"blue"
"265",6,15,"yellow"
"266",6,16,"purple"
"267",6,17,"purple"
"268",6,18,"orange"
"269",6,19,"red"
"270",6,20,"green"
"271",6,21,"purple"
"272",6,22,"yellow"
"273",6,23,"blue"
"274",6,24,"blue"
"275",6,25,"green"
"276",6,26,"purple"
"277",6,27,"red"
"278",6,28,"orange"
"279",6,29,"green"
"280",6,30,"green"
"281",6,31,"orange"
"282",6,32,"purple"
"283",6,33,"green"
"284",6,34,"yellow"
"285",6,35,"green"
"286",6,36,"blue"
"287",6,37,"green"
"288",6,38,"yellow"
"289",6,39,"red"
"290",6,40,"red"
"291",6,41,"purple"
"292",6,42,"green"
"293",6,43,"blue"
"294",6,44,"purple"
"295",6,45,"purple"
"296",6,46,"yellow"
"297",6,47,"yellow"
"298",6,48,"purple"
"299",6,49,"purple"
"300",6,50,"green"
"301",7,1,"green"
"302",7,2,"purple"
"303",7,3,"blue"
"304",7,4,"purple"
"305",7,5,"yellow"
"306",7,6,"green"
"307",7,7,"red"
"308",7,8,"purple"
"309",7,9,"blue"
"310",7,10,"yellow"
"311",7,11,"yellow"
"312",7,12,"blue"
"313",7,13,"green"
"314",7,14,"blue"
"315",7,15,"orange"
"316",7,16,"blue"
"317",7,17,"purple"
"318",7,18,"orange"
"319",7,19,"purple"
"320",7,20,"red"
"321",7,21,"yellow"
"322",7,22,"purple"
"323",7,23,"purple"
"324",7,24,"blue"
"325",7,25,"blue"
"326",7,26,"purple"
"327",7,27,"green"
"328",7,28,"green"
"329",7,29,"purple"
"330",7,30,"red"
"331",7,31,"purple"
"332",7,32,"yellow"
"333",7,33,"green"
"334",7,34,"green"
"335",7,35,"purple"
"336",7,36,"orange"
"337",7,37,"purple"
"338",7,38,"orange"
"339",7,39,"red"
"340",7,40,"red"
"341",7,41,"purple"
"342",7,42,"blue"
"343",7,43,"blue"
"344",7,44,"green"
"345",7,45,"green"
"346",7,46,"green"
"347",7,47,"blue"
"348",7,48,"green"
"349",7,49,"orange"
"350",7,50,"blue"
"351",8,1,"green"
"352",8,2,"blue"
"353",8,3,"green"
"354",8,4,"purple"
"355",8,5,"green"
"356",8,6,"green"
"357",8,7,"purple"
"358",8,8,"green"
"359",8,9,"purple"
"360",8,10,"yellow"
"361",8,11,"orange"
"362",8,12,"yellow"
"363",8,13,"purple"
"364",8,14,"blue"
"365",8,15,"red"
"366",8,16,"green"
"367",8,17,"purple"
"368",8,18,"red"
"369",8,19,"green"
"370",8,20,"blue"
"371",8,21,"orange"
"372",8,22,"orange"
"373",8,23,"blue"
"374",8,24,"green"
"375",8,25,"purple"
"376",8,26,"red"
"377",8,27,"orange"
"378",8,28,"blue"
"379",8,29,"purple"
"380",8,30,"green"
"381",8,31,"yellow"
"382",8,32,"red"
"383",8,33,"green"
"384",8,34,"purple"
"385",8,35,"green"
"386",8,36,"green"
"387",8,37,"green"
"388",8,38,"purple"
"389",8,39,"blue"
"390",8,40,"yellow"
"391",8,41,"purple"
"392",8,42,"blue"
"393",8,43,"green"
"394",8,44,"red"
"395",8,45,"yellow"
"396",8,46,"yellow"
"397",8,47,"green"
"398",8,48,"blue"
"399",8,49,"red"
"400",8,50,"green"
"401",9,1,"yellow"
"402",9,2,"green"
"403",9,3,"blue"
"404",9,4,"red"
"405",9,5,"green"
"406",9,6,"green"
"407",9,7,"yellow"
"408",9,8,"red"
"409",9,9,"green"
"410",9,10,"green"
"411",9,11,"blue"
"412",9,12,"blue"
"413",9,13,"green"
"414",9,14,"purple"
"415",9,15,"red"
"416",9,16,"blue"
"417",9,17,"purple"
"418",9,18,"green"
"419",9,19,"green"
"420",9,20,"green"
"421",9,21,"yellow"
"422",9,22,"green"
"423",9,23,"purple"
"424",9,24,"red"
"425",9,25,"green"
"426",9,26,"green"
"427",9,27,"green"
"428",9,28,"orange"
"429",9,29,"green"
"430",9,30,"orange"
"431",9,31,"orange"
"432",9,32,"blue"
"433",9,33,"blue"
"434",9,34,"green"
"435",9,35,"green"
"436",9,36,"yellow"
"437",9,37,"yellow"
"438",9,38,"purple"
"439",9,39,"orange"
"440",9,40,"green"
"441",9,41,"purple"
"442",9,42,"yellow"
"443",9,43,"green"
"444",9,44,"yellow"
"445",9,45,"green"
"446",9,46,"blue"
"447",9,47,"green"
"448",9,48,"red"
"449",9,49,"green"
"450",9,50,"green"
"451",10,1,"green"
"452",10,2,"yellow"
"453",10,3,"blue"
"454",10,4,"purple"
"455",10,5,"yellow"
"456",10,6,"green"
"457",10,7,"purple"
"458",10,8,"red"
"459",10,9,"red"
"460",10,10,"green"
"461",10,11,"blue"
"462",10,12,"purple"
"463",10,13,"red"
"464",10,14,"green"
"465",10,15,"red"
"466",10,16,"yellow"
"467",10,17,"red"
"468",10,18,"red"
"469",10,19,"orange"
"470",10,20,"yellow"
"471",10,21,"green"
"472",10,22,"yellow"
"473",10,23,"blue"
"474",10,24,"blue"
"475",10,25,"purple"
"476",10,26,"purple"
"477",10,27,"green"
"478",10,28,"green"
"479",10,29,"green"
"480",10,30,"orange"
"481",10,31,"red"
"482",10,32,"purple"
"483",10,33,"purple"
"484",10,34,"yellow"
"485",10,35,"green"
"486",10,36,"blue"
"487",10,37,"purple"
"488",10,38,"green"
"489",10,39,"red"
"490",10,40,"green"
"491",10,41,"blue"
"492",10,42,"green"
"493",10,43,"blue"
"494",10,44,"green"
"495",10,45,"purple"
"496",10,46,"purple"
"497",10,47,"purple"
"498",10,48,"blue"
"499",10,49,"purple"
"500",10,50,"red"
"501",11,1,"red"
"502",11,2,"blue"
"503",11,3,"blue"
"504",11,4,"green"
"505",11,5,"orange"
"506",11,6,"purple"
"507",11,7,"blue"
"508",11,8,"blue"
"509",11,9,"purple"
"510",11,10,"green"
"511",11,11,"orange"
"512",11,12,"yellow"
"513",11,13,"purple"
"514",11,14,"green"
"515",11,15,"orange"
"516",11,16,"green"
"517",11,17,"blue"
"518",11,18,"green"
"519",11,19,"yellow"
"520",11,20,"red"
"521",11,21,"green"
"522",11,22,"red"
"523",11,23,"green"
"524",11,24,"green"
"525",11,25,"purple"
"526",11,26,"orange"
"527",11,27,"red"
"528",11,28,"green"
"529",11,29,"yellow"
"530",11,30,"blue"
"531",11,31,"purple"
"532",11,32,"green"
"533",11,33,"purple"
"534",11,34,"purple"
"535",11,35,"red"
"536",11,36,"orange"
"537",11,37,"purple"
"538",11,38,"orange"
"539",11,39,"orange"
"540",11,40,"purple"
"541",11,41,"purple"
"542",11,42,"purple"
"543",11,43,"blue"
"544",11,44,"blue"
"545",11,45,"blue"
"546",11,46,"red"
"547",11,47,"green"
"548",11,48,"green"
"549",11,49,"yellow"
"550",11,50,"blue"
"551",12,1,"yellow"
"552",12,2,"purple"
"553",12,3,"green"
"554",12,4,"blue"
"555",12,5,"orange"
"556",12,6,"blue"
"557",12,7,"blue"
"558",12,8,"purple"
"559",12,9,"green"
"560",12,10,"blue"
"561",12,11,"purple"
"562",12,12,"purple"
"563",12,13,"yellow"
"564",12,14,"red"
"565",12,15,"red"
"566",12,16,"green"
"567",12,17,"blue"
"568",12,18,"yellow"
"569",12,19,"purple"
"570",12,20,"yellow"
"571",12,21,"yellow"
"572",12,22,"purple"
"573",12,23,"green"
"574",12,24,"purple"
"575",12,25,"green"
"576",12,26,"yellow"
"577",12,27,"purple"
"578",12,28,"green"
"579",12,29,"blue"
"580",12,30,"orange"
"581",12,31,"yellow"
"582",12,32,"red"
"583",12,33,"purple"
"584",12,34,"red"
"585",12,35,"red"
"586",12,36,"blue"
"587",12,37,"blue"
"588",12,38,"green"
"589",12,39,"purple"
"590",12,40,"green"
"591",12,41,"orange"
"592",12,42,"blue"
"593",12,43,"purple"
"594",12,44,"purple"
"595",12,45,"red"
"596",12,46,"orange"
"597",12,47,"purple"
"598",12,48,"orange"
"599",12,49,"red"
"600",12,50,"green"
"601",13,1,"blue"
"602",13,2,"purple"
"603",13,3,"yellow"
"604",13,4,"green"
"605",13,5,"orange"
"606",13,6,"orange"
"607",13,7,"green"
"608",13,8,"orange"
"609",13,9,"purple"
"610",13,10,"red"
"611",13,11,"orange"
"612",13,12,"green"
"613",13,13,"orange"
"614",13,14,"blue"
"615",13,15,"green"
"616",13,16,"blue"
"617",13,17,"yellow"
"618",13,18,"yellow"
"619",13,19,"orange"
"620",13,20,"blue"
"621",13,21,"yellow"
"622",13,22,"orange"
"623",13,23,"yellow"
"624",13,24,"blue"
"625",13,25,"green"
"626",13,26,"purple"
"627",13,27,"blue"
"628",13,28,"green"
"629",13,29,"green"
"630",13,30,"orange"
"631",13,31,"purple"
"632",13,32,"blue"
"633",13,33,"orange"
"634",13,34,"yellow"
"635",13,35,"blue"
"636",13,36,"orange"
"637",13,37,"blue"
"638",13,38,"green"
"639",13,39,"blue"
"640",13,40,"yellow"
"641",13,41,"green"
"642",13,42,"blue"
"643",13,43,"blue"
"644",13,44,"blue"
"645",13,45,"blue"
"646",13,46,"green"
"647",13,47,"yellow"
"648",13,48,"green"
"649",13,49,"green"
"650",13,50,"red"
"651",14,1,"blue"
"652",14,2,"blue"
"653",14,3,"yellow"
"654",14,4,"blue"
"655",14,5,"red"
"656",14,6,"blue"
"657",14,7,"purple"
"658",14,8,"green"
"659",14,9,"orange"
"660",14,10,"purple"
"661",14,11,"purple"
"662",14,12,"green"
"663",14,13,"green"
"664",14,14,"yellow"
"665",14,15,"green"
"666",14,16,"green"
"667",14,17,"green"
"668",14,18,"green"
"669",14,19,"purple"
"670",14,20,"purple"
"671",14,21,"blue"
"672",14,22,"purple"
"673",14,23,"green"
"674",14,24,"green"
"675",14,25,"purple"
"676",14,26,"red"
"677",14,27,"blue"
"678",14,28,"yellow"
"679",14,29,"red"
"680",14,30,"blue"
"681",14,31,"blue"
"682",14,32,"yellow"
"683",14,33,"green"
"684",14,34,"blue"
"685",14,35,"purple"
"686",14,36,"green"
"687",14,37,"blue"
"688",14,38,"green"
"689",14,39,"yellow"
"690",14,40,"purple"
"691",14,41,"red"
"692",14,42,"blue"
"693",14,43,"green"
"694",14,44,"blue"
"695",14,45,"purple"
"696",14,46,"red"
"697",14,47,"yellow"
"698",14,48,"green"
"699",14,49,"green"
"700",14,50,"green"
"701",15,1,"purple"
"702",15,2,"green"
"703",15,3,"green"
"704",15,4,"purple"
"705",15,5,"yellow"
"706",15,6,"orange"
"707",15,7,"purple"
"708",15,8,"orange"
"709",15,9,"blue"
"710",15,10,"purple"
"711",15,11,"purple"
"712",15,12,"blue"
"713",15,13,"green"
"714",15,14,"green"
"715",15,15,"purple"
"716",15,16,"blue"
"717",15,17,"red"
"718",15,18,"green"
"719",15,19,"blue"
"720",15,20,"green"
"721",15,21,"orange"
"722",15,22,"green"
"723",15,23,"purple"
"724",15,24,"purple"
"725",15,25,"purple"
"726",15,26,"green"
"727",15,27,"green"
"728",15,28,"purple"
"729",15,29,"yellow"
"730",15,30,"green"
"731",15,31,"green"
"732",15,32,"blue"
"733",15,33,"orange"
"734",15,34,"yellow"
"735",15,35,"green"
"736",15,36,"blue"
"737",15,37,"red"
"738",15,38,"blue"
"739",15,39,"blue"
"740",15,40,"orange"
"741",15,41,"blue"
"742",15,42,"purple"
"743",15,43,"blue"
"744",15,44,"blue"
"745",15,45,"orange"
"746",15,46,"blue"
"747",15,47,"green"
"748",15,48,"red"
"749",15,49,"yellow"
"750",15,50,"purple"
"751",16,1,"purple"
"752",16,2,"orange"
"753",16,3,"blue"
"754",16,4,"green"
"755",16,5,"yellow"
"756",16,6,"blue"
"757",16,7,"blue"
"758",16,8,"purple"
"759",16,9,"red"
"760",16,10,"green"
"761",16,11,"green"
"762",16,12,"yellow"
"763",16,13,"green"
"764",16,14,"green"
"765",16,15,"blue"
"766",16,16,"blue"
"767",16,17,"green"
"768",16,18,"green"
"769",16,19,"orange"
"770",16,20,"purple"
"771",16,21,"green"
"772",16,22,"yellow"
"773",16,23,"purple"
"774",16,24,"purple"
"775",16,25,"blue"
"776",16,26,"green"
"777",16,27,"green"
"778",16,28,"orange"
"779",16,29,"blue"
"780",16,30,"red"
"781",16,31,"yellow"
"782",16,32,"red"
"783",16,33,"blue"
"784",16,34,"yellow"
"785",16,35,"red"
"786",16,36,"green"
"787",16,37,"green"
"788",16,38,"red"
"789",16,39,"green"
"790",16,40,"green"
"791",16,41,"blue"
"792",16,42,"orange"
"793",16,43,"yellow"
"794",16,44,"purple"
"795",16,45,"blue"
"796",16,46,"yellow"
"797",16,47,"red"
"798",16,48,"purple"
"799",16,49,"orange"
"800",16,50,"blue"
"801",17,1,"orange"
"802",17,2,"orange"
"803",17,3,"purple"
"804",17,4,"red"
"805",17,5,"blue"
"806",17,6,"orange"
"807",17,7,"red"
"808",17,8,"yellow"
"809",17,9,"blue"
"810",17,10,"red"
"811",17,11,"blue"
"812",17,12,"red"
"813",17,13,"orange"
"814",17,14,"red"
"815",17,15,"blue"
"816",17,16,"blue"
"817",17,17,"blue"
"818",17,18,"green"
"819",17,19,"green"
"820",17,20,"purple"
"821",17,21,"blue"
"822",17,22,"green"
"823",17,23,"blue"
"824",17,24,"orange"
"825",17,25,"green"
"826",17,26,"green"
"827",17,27,"red"
"828",17,28,"blue"
"829",17,29,"purple"
"830",17,30,"purple"
"831",17,31,"blue"
"832",17,32,"orange"
"833",17,33,"blue"
"834",17,34,"green"
"835",17,35,"blue"
"836",17,36,"green"
"837",17,37,"blue"
"838",17,38,"green"
"839",17,39,"orange"
"840",17,40,"green"
"841",17,41,"blue"
"842",17,42,"green"
"843",17,43,"blue"
"844",17,44,"green"
"845",17,45,"blue"
"846",17,46,"green"
"847",17,47,"purple"
"848",17,48,"blue"
"849",17,49,"green"
"850",17,50,"purple"
"851",18,1,"green"
"852",18,2,"yellow"
"853",18,3,"blue"
"854",18,4,"green"
"855",18,5,"purple"
"856",18,6,"green"
"857",18,7,"red"
"858",18,8,"red"
"859",18,9,"orange"
"860",18,10,"green"
"861",18,11,"green"
"862",18,12,"yellow"
"863",18,13,"yellow"
"864",18,14,"purple"
"865",18,15,"blue"
"866",18,16,"orange"
"867",18,17,"blue"
"868",18,18,"red"
"869",18,19,"blue"
"870",18,20,"blue"
"871",18,21,"purple"
"872",18,22,"orange"
"873",18,23,"green"
"874",18,24,"purple"
"875",18,25,"green"
"876",18,26,"red"
"877",18,27,"orange"
"878",18,28,"blue"
"879",18,29,"blue"
"880",18,30,"purple"
"881",18,31,"red"
"882",18,32,"purple"
"883",18,33,"yellow"
"884",18,34,"red"
"885",18,35,"orange"
"886",18,36,"red"
"887",18,37,"green"
"888",18,38,"yellow"
"889",18,39,"red"
"890",18,40,"yellow"
"891",18,41,"orange"
"892",18,42,"yellow"
"893",18,43,"yellow"
"894",18,44,"blue"
"895",18,45,"yellow"
"896",18,46,"green"
"897",18,47,"red"
"898",18,48,"red"
"899",18,49,"orange"
"900",18,50,"blue"
"901",19,1,"blue"
"902",19,2,"yellow"
"903",19,3,"blue"
"904",19,4,"green"
"905",19,5,"yellow"
"906",19,6,"red"
"907",19,7,"green"
"908",19,8,"blue"
"909",19,9,"yellow"
"910",19,10,"blue"
"911",19,11,"blue"
"912",19,12,"blue"
"913",19,13,"green"
"914",19,14,"purple"
"915",19,15,"green"
"916",19,16,"blue"
"917",19,17,"purple"
"918",19,18,"green"
"919",19,19,"yellow"
"920",19,20,"blue"
"921",19,21,"purple"
"922",19,22,"green"
"923",19,23,"orange"
"924",19,24,"yellow"
"925",19,25,"blue"
"926",19,26,"blue"
"927",19,27,"purple"
"928",19,28,"yellow"
"929",19,29,"red"
"930",19,30,"red"
"931",19,31,"green"
"932",19,32,"blue"
"933",19,33,"red"
"934",19,34,"orange"
"935",19,35,"green"
"936",19,36,"green"
"937",19,37,"purple"
"938",19,38,"yellow"
"939",19,39,"green"
"940",19,40,"purple"
"941",19,41,"purple"
"942",19,42,"purple"
"943",19,43,"green"
"944",19,44,"red"
"945",19,45,"red"
"946",19,46,"yellow"
"947",19,47,"red"
"948",19,48,"yellow"
"949",19,49,"orange"
"950",19,50,"green"
"951",20,1,"blue"
"952",20,2,"yellow"
"953",20,3,"red"
"954",20,4,"blue"
"955",20,5,"purple"
"956",20,6,"blue"
"957",20,7,"purple"
"958",20,8,"green"
"959",20,9,"blue"
"960",20,10,"red"
"961",20,11,"purple"
"962",20,12,"yellow"
"963",20,13,"orange"
"964",20,14,"yellow"
"965",20,15,"blue"
"966",20,16,"purple"
"967",20,17,"purple"
"968",20,18,"purple"
"969",20,19,"blue"
"970",20,20,"blue"
"971",20,21,"red"
"972",20,22,"red"
"973",20,23,"green"
"974",20,24,"green"
"975",20,25,"blue"
"976",20,26,"purple"
"977",20,27,"green"
"978",20,28,"green"
"979",20,29,"yellow"
"980",20,30,"orange"
"981",20,31,"purple"
"982",20,32,"green"
"983",20,33,"green"
"984",20,34,"orange"
"985",20,35,"green"
"986",20,36,"yellow"
"987",20,37,"red"
"988",20,38,"red"
"989",20,39,"orange"
"990",20,40,"purple"
"991",20,41,"red"
"992",20,42,"green"
"993",20,43,"purple"
"994",20,44,"purple"
"995",20,45,"green"
"996",20,46,"blue"
"997",20,47,"purple"
"998",20,48,"green"
"999",20,49,"red"
"1000",20,50,"yellow"
"1001",21,1,"green"
"1002",21,2,"red"
"1003",21,3,"purple"
"1004",21,4,"yellow"
"1005",21,5,"blue"
"1006",21,6,"green"
"1007",21,7,"blue"
"1008",21,8,"orange"
"1009",21,9,"yellow"
"1010",21,10,"green"
"1011",21,11,"green"
"1012",21,12,"green"
"1013",21,13,"green"
"1014",21,14,"orange"
"1015",21,15,"orange"
"1016",21,16,"green"
"1017",21,17,"purple"
"1018",21,18,"purple"
"1019",21,19,"green"
"1020",21,20,"orange"
"1021",21,21,"blue"
"1022",21,22,"blue"
"1023",21,23,"green"
"1024",21,24,"red"
"1025",21,25,"purple"
"1026",21,26,"yellow"
"1027",21,27,"green"
"1028",21,28,"green"
"1029",21,29,"purple"
"1030",21,30,"red"
"1031",21,31,"green"
"1032",21,32,"yellow"
"1033",21,33,"red"
"1034",21,34,"orange"
"1035",21,35,"orange"
"1036",21,36,"yellow"
"1037",21,37,"red"
"1038",21,38,"purple"
"1039",21,39,"green"
"1040",21,40,"yellow"
"1041",21,41,"orange"
"1042",21,42,"yellow"
"1043",21,43,"yellow"
"1044",21,44,"purple"
"1045",21,45,"purple"
"1046",21,46,"purple"
"1047",21,47,"green"
"1048",21,48,"red"
"1049",21,49,"green"
"1050",21,50,"blue"
"1051",22,1,"green"
"1052",22,2,"yellow"
"1053",22,3,"red"
"1054",22,4,"red"
"1055",22,5,"yellow"
"1056",22,6,"purple"
"1057",22,7,"purple"
"1058",22,8,"purple"
"1059",22,9,"blue"
"1060",22,10,"green"
"1061",22,11,"blue"
"1062",22,12,"green"
"1063",22,13,"orange"
"1064",22,14,"red"
"1065",22,15,"blue"
"1066",22,16,"blue"
"1067",22,17,"green"
"1068",22,18,"blue"
"1069",22,19,"blue"
"1070",22,20,"purple"
"1071",22,21,"purple"
"1072",22,22,"blue"
"1073",22,23,"green"
"1074",22,24,"blue"
"1075",22,25,"red"
"1076",22,26,"yellow"
"1077",22,27,"green"
"1078",22,28,"blue"
"1079",22,29,"purple"
"1080",22,30,"blue"
"1081",22,31,"blue"
"1082",22,32,"purple"
"1083",22,33,"purple"
"1084",22,34,"green"
"1085",22,35,"orange"
"1086",22,36,"green"
"1087",22,37,"red"
"1088",22,38,"blue"
"1089",22,39,"blue"
"1090",22,40,"red"
"1091",22,41,"blue"
"1092",22,42,"purple"
"1093",22,43,"green"
"1094",22,44,"red"
"1095",22,45,"blue"
"1096",22,46,"blue"
"1097",22,47,"green"
"1098",22,48,"orange"
"1099",22,49,"blue"
"1100",22,50,"blue"
"1101",23,1,"purple"
"1102",23,2,"green"
"1103",23,3,"purple"
"1104",23,4,"purple"
"1105",23,5,"green"
"1106",23,6,"purple"
"1107",23,7,"purple"
"1108",23,8,"blue"
"1109",23,9,"blue"
"1110",23,10,"green"
"1111",23,11,"red"
"1112",23,12,"yellow"
"1113",23,13,"green"
"1114",23,14,"yellow"
"1115",23,15,"yellow"
"1116",23,16,"purple"
"1117",23,17,"red"
"1118",23,18,"green"
"1119",23,19,"red"
"1120",23,20,"purple"
"1121",23,21,"orange"
"1122",23,22,"blue"
"1123",23,23,"yellow"
"1124",23,24,"purple"
"1125",23,25,"yellow"
"1126",23,26,"green"
"1127",23,27,"green"
"1128",23,28,"purple"
"1129",23,29,"blue"
"1130",23,30,"red"
"1131",23,31,"blue"
"1132",23,32,"green"
"1133",23,33,"orange"
"1134",23,34,"green"
"1135",23,35,"green"
"1136",23,36,"blue"
"1137",23,37,"orange"
"1138",23,38,"red"
"1139",23,39,"blue"
"1140",23,40,"purple"
"1141",23,41,"blue"
"1142",23,42,"green"
"1143",23,43,"purple"
"1144",23,44,"green"
"1145",23,45,"purple"
"1146",23,46,"yellow"
"1147",23,47,"orange"
"1148",23,48,"purple"
"1149",23,49,"blue"
"1150",23,50,"purple"
"1151",24,1,"orange"
"1152",24,2,"purple"
"1153",24,3,"blue"
"1154",24,4,"orange"
"1155",24,5,"yellow"
"1156",24,6,"green"
"1157",24,7,"green"
"1158",24,8,"green"
"1159",24,9,"yellow"
"1160",24,10,"blue"
"1161",24,11,"red"
"1162",24,12,"blue"
"1163",24,13,"green"
"1164",24,14,"orange"
"1165",24,15,"blue"
"1166",24,16,"orange"
"1167",24,17,"orange"
"1168",24,18,"purple"
"1169",24,19,"purple"
"1170",24,20,"red"
"1171",24,21,"blue"
"1172",24,22,"green"
"1173",24,23,"orange"
"1174",24,24,"blue"
"1175",24,25,"yellow"
"1176",24,26,"green"
"1177",24,27,"green"
"1178",24,28,"red"
"1179",24,29,"green"
"1180",24,30,"purple"
"1181",24,31,"red"
"1182",24,32,"yellow"
"1183",24,33,"orange"
"1184",24,34,"purple"
"1185",24,35,"blue"
"1186",24,36,"purple"
"1187",24,37,"green"
"1188",24,38,"yellow"
"1189",24,39,"blue"
"1190",24,40,"green"
"1191",24,41,"yellow"
"1192",24,42,"red"
"1193",24,43,"purple"
"1194",24,44,"purple"
"1195",24,45,"green"
"1196",24,46,"purple"
"1197",24,47,"blue"
"1198",24,48,"yellow"
"1199",24,49,"orange"
"1200",24,50,"green"
"1201",25,1,"green"
"1202",25,2,"purple"
"1203",25,3,"purple"
"1204",25,4,"blue"
"1205",25,5,"blue"
"1206",25,6,"purple"
"1207",25,7,"green"
"1208",25,8,"purple"
"1209",25,9,"red"
"1210",25,10,"purple"
"1211",25,11,"red"
"1212",25,12,"yellow"
"1213",25,13,"purple"
"1214",25,14,"green"
"1215",25,15,"purple"
"1216",25,16,"blue"
"1217",25,17,"green"
"1218",25,18,"green"
"1219",25,19,"orange"
"1220",25,20,"blue"
"1221",25,21,"blue"
"1222",25,22,"blue"
"1223",25,23,"purple"
"1224",25,24,"green"
"1225",25,25,"red"
"1226",25,26,"green"
"1227",25,27,"blue"
"1228",25,28,"blue"
"1229",25,29,"yellow"
"1230",25,30,"green"
"1231",25,31,"green"
"1232",25,32,"purple"
"1233",25,33,"red"
"1234",25,34,"green"
"1235",25,35,"purple"
"1236",25,36,"orange"
"1237",25,37,"purple"
"1238",25,38,"purple"
"1239",25,39,"red"
"1240",25,40,"green"
"1241",25,41,"purple"
"1242",25,42,"orange"
"1243",25,43,"green"
"1244",25,44,"green"
"1245",25,45,"blue"
"1246",25,46,"green"
"1247",25,47,"purple"
"1248",25,48,"blue"
"1249",25,49,"blue"
"1250",25,50,"purple"
"1251",26,1,"orange"
"1252",26,2,"purple"
"1253",26,3,"purple"
"1254",26,4,"blue"
"1255",26,5,"red"
"1256",26,6,"orange"
"1257",26,7,"yellow"
"1258",26,8,"blue"
"1259",26,9,"blue"
"1260",26,10,"purple"
"1261",26,11,"purple"
"1262",26,12,"purple"
"1263",26,13,"purple"
"1264",26,14,"orange"
"1265",26,15,"green"
"1266",26,16,"purple"
"1267",26,17,"purple"
"1268",26,18,"yellow"
"1269",26,19,"green"
"1270",26,20,"blue"
"1271",26,21,"red"
"1272",26,22,"yellow"
"1273",26,23,"green"
"1274",26,24,"blue"
"1275",26,25,"green"
"1276",26,26,"yellow"
"1277",26,27,"purple"
"1278",26,28,"purple"
"1279",26,29,"green"
"1280",26,30,"purple"
"1281",26,31,"purple"
"1282",26,32,"blue"
"1283",26,33,"green"
"1284",26,34,"blue"
"1285",26,35,"orange"
"1286",26,36,"orange"
"1287",26,37,"red"
"1288",26,38,"purple"
"1289",26,39,"red"
"1290",26,40,"purple"
"1291",26,41,"red"
"1292",26,42,"purple"
"1293",26,43,"blue"
"1294",26,44,"blue"
"1295",26,45,"blue"
"1296",26,46,"green"
"1297",26,47,"red"
"1298",26,48,"green"
"1299",26,49,"red"
"1300",26,50,"green"
"1301",27,1,"purple"
"1302",27,2,"yellow"
"1303",27,3,"red"
"1304",27,4,"purple"
"1305",27,5,"red"
"1306",27,6,"green"
"1307",27,7,"purple"
"1308",27,8,"purple"
"1309",27,9,"orange"
"1310",27,10,"purple"
"1311",27,11,"purple"
"1312",27,12,"red"
"1313",27,13,"red"
"1314",27,14,"purple"
"1315",27,15,"yellow"
"1316",27,16,"green"
"1317",27,17,"purple"
"1318",27,18,"orange"
"1319",27,19,"yellow"
"1320",27,20,"green"
"1321",27,21,"blue"
"1322",27,22,"orange"
"1323",27,23,"blue"
"1324",27,24,"blue"
"1325",27,25,"green"
"1326",27,26,"purple"
"1327",27,27,"green"
"1328",27,28,"red"
"1329",27,29,"green"
"1330",27,30,"red"
"1331",27,31,"purple"
"1332",27,32,"orange"
"1333",27,33,"yellow"
"1334",27,34,"green"
"1335",27,35,"purple"
"1336",27,36,"green"
"1337",27,37,"green"
"1338",27,38,"purple"
"1339",27,39,"blue"
"1340",27,40,"purple"
"1341",27,41,"purple"
"1342",27,42,"blue"
"1343",27,43,"purple"
"1344",27,44,"orange"
"1345",27,45,"yellow"
"1346",27,46,"red"
"1347",27,47,"purple"
"1348",27,48,"green"
"1349",27,49,"green"
"1350",27,50,"purple"
"1351",28,1,"orange"
"1352",28,2,"yellow"
"1353",28,3,"red"
"1354",28,4,"purple"
"1355",28,5,"green"
"1356",28,6,"yellow"
"1357",28,7,"purple"
"1358",28,8,"green"
"1359",28,9,"blue"
"1360",28,10,"purple"
"1361",28,11,"red"
"1362",28,12,"yellow"
"1363",28,13,"green"
"1364",28,14,"red"
"1365",28,15,"blue"
"1366",28,16,"red"
"1367",28,17,"yellow"
"1368",28,18,"green"
"1369",28,19,"blue"
"1370",28,20,"blue"
"1371",28,21,"green"
"1372",28,22,"purple"
"1373",28,23,"yellow"
"1374",28,24,"red"
"1375",28,25,"purple"
"1376",28,26,"red"
"1377",28,27,"blue"
"1378",28,28,"blue"
"1379",28,29,"blue"
"1380",28,30,"orange"
"1381",28,31,"purple"
"1382",28,32,"green"
"1383",28,33,"purple"
"1384",28,34,"red"
"1385",28,35,"green"
"1386",28,36,"green"
"1387",28,37,"purple"
"1388",28,38,"orange"
"1389",28,39,"green"
"1390",28,40,"purple"
"1391",28,41,"purple"
"1392",28,42,"blue"
"1393",28,43,"purple"
"1394",28,44,"green"
"1395",28,45,"red"
"1396",28,46,"orange"
"1397",28,47,"yellow"
"1398",28,48,"yellow"
"1399",28,49,"yellow"
"1400",28,50,"green"
"1401",29,1,"blue"
"1402",29,2,"red"
"1403",29,3,"orange"
"1404",29,4,"green"
"1405",29,5,"green"
"1406",29,6,"green"
"1407",29,7,"red"
"1408",29,8,"purple"
"1409",29,9,"red"
"1410",29,10,"purple"
"1411",29,11,"green"
"1412",29,12,"blue"
"1413",29,13,"purple"
"1414",29,14,"blue"
"1415",29,15,"orange"
"1416",29,16,"orange"
"1417",29,17,"blue"
"1418",29,18,"yellow"
"1419",29,19,"purple"
"1420",29,20,"orange"
"1421",29,21,"blue"
"1422",29,22,"purple"
"1423",29,23,"red"
"1424",29,24,"red"
"1425",29,25,"purple"
"1426",29,26,"orange"
"1427",29,27,"green"
"1428",29,28,"red"
"1429",29,29,"orange"
"1430",29,30,"red"
"1431",29,31,"purple"
"1432",29,32,"green"
"1433",29,33,"green"
"1434",29,34,"purple"
"1435",29,35,"blue"
"1436",29,36,"orange"
"1437",29,37,"orange"
"1438",29,38,"green"
"1439",29,39,"blue"
"1440",29,40,"green"
"1441",29,41,"green"
"1442",29,42,"blue"
"1443",29,43,"yellow"
"1444",29,44,"purple"
"1445",29,45,"green"
"1446",29,46,"blue"
"1447",29,47,"blue"
"1448",29,48,"red"
"1449",29,49,"blue"
"1450",29,50,"yellow"
"1451",30,1,"orange"
"1452",30,2,"orange"
"1453",30,3,"green"
"1454",30,4,"purple"
"1455",30,5,"blue"
"1456",30,6,"yellow"
"1457",30,7,"green"
"1458",30,8,"red"
"1459",30,9,"red"
"1460",30,10,"orange"
"1461",30,11,"green"
"1462",30,12,"green"
"1463",30,13,"purple"
"1464",30,14,"purple"
"1465",30,15,"red"
"1466",30,16,"purple"
"1467",30,17,"purple"
"1468",30,18,"blue"
"1469",30,19,"blue"
"1470",30,20,"yellow"
"1471",30,21,"yellow"
"1472",30,22,"blue"
"1473",30,23,"blue"
"1474",30,24,"red"
"1475",30,25,"red"
"1476",30,26,"green"
"1477",30,27,"purple"
"1478",30,28,"orange"
"1479",30,29,"red"
"1480",30,30,"orange"
"1481",30,31,"purple"
"1482",30,32,"green"
"1483",30,33,"red"
"1484",30,34,"purple"
"1485",30,35,"blue"
"1486",30,36,"yellow"
"1487",30,37,"yellow"
"1488",30,38,"blue"
"1489",30,39,"purple"
"1490",30,40,"orange"
"1491",30,41,"yellow"
"1492",30,42,"blue"
"1493",30,43,"purple"
"1494",30,44,"orange"
"1495",30,45,"orange"
"1496",30,46,"blue"
"1497",30,47,"green"
"1498",30,48,"yellow"
"1499",30,49,"green"
"1500",30,50,"purple"
"1501",31,1,"yellow"
"1502",31,2,"orange"
"1503",31,3,"blue"
"1504",31,4,"green"
"1505",31,5,"green"
"1506",31,6,"purple"
"1507",31,7,"purple"
"1508",31,8,"purple"
"1509",31,9,"red"
"1510",31,10,"red"
"1511",31,11,"blue"
"1512",31,12,"blue"
"1513",31,13,"green"
"1514",31,14,"blue"
"1515",31,15,"red"
"1516",31,16,"yellow"
"1517",31,17,"yellow"
"1518",31,18,"blue"
"1519",31,19,"blue"
"1520",31,20,"blue"
"1521",31,21,"purple"
"1522",31,22,"green"
"1523",31,23,"blue"
"1524",31,24,"yellow"
"1525",31,25,"purple"
"1526",31,26,"green"
"1527",31,27,"yellow"
"1528",31,28,"green"
"1529",31,29,"purple"
"1530",31,30,"blue"
"1531",31,31,"purple"
"1532",31,32,"purple"
"1533",31,33,"purple"
"1534",31,34,"green"
"1535",31,35,"yellow"
"1536",31,36,"yellow"
"1537",31,37,"purple"
"1538",31,38,"orange"
"1539",31,39,"green"
"1540",31,40,"green"
"1541",31,41,"purple"
"1542",31,42,"green"
"1543",31,43,"blue"
"1544",31,44,"orange"
"1545",31,45,"yellow"
"1546",31,46,"green"
"1547",31,47,"orange"
"1548",31,48,"red"
"1549",31,49,"purple"
"1550",31,50,"green"
"1551",32,1,"purple"
"1552",32,2,"yellow"
"1553",32,3,"yellow"
"1554",32,4,"green"
"1555",32,5,"green"
"1556",32,6,"purple"
"1557",32,7,"green"
"1558",32,8,"blue"
"1559",32,9,"purple"
"1560",32,10,"blue"
"1561",32,11,"yellow"
"1562",32,12,"blue"
"1563",32,13,"blue"
"1564",32,14,"red"
"1565",32,15,"purple"
"1566",32,16,"purple"
"1567",32,17,"blue"
"1568",32,18,"green"
"1569",32,19,"blue"
"1570",32,20,"blue"
"1571",32,21,"yellow"
"1572",32,22,"purple"
"1573",32,23,"yellow"
"1574",32,24,"red"
"1575",32,25,"orange"
"1576",32,26,"green"
"1577",32,27,"green"
"1578",32,28,"orange"
"1579",32,29,"orange"
"1580",32,30,"purple"
"1581",32,31,"green"
"1582",32,32,"orange"
"1583",32,33,"purple"
"1584",32,34,"yellow"
"1585",32,35,"red"
"1586",32,36,"blue"
"1587",32,37,"yellow"
"1588",32,38,"purple"
"1589",32,39,"green"
"1590",32,40,"blue"
"1591",32,41,"purple"
"1592",32,42,"green"
"1593",32,43,"purple"
"1594",32,44,"yellow"
"1595",32,45,"red"
"1596",32,46,"green"
"1597",32,47,"green"
"1598",32,48,"green"
"1599",32,49,"purple"
"1600",32,50,"orange"
"1601",33,1,"red"
"1602",33,2,"blue"
"1603",33,3,"yellow"
"1604",33,4,"red"
"1605",33,5,"blue"
"1606",33,6,"blue"
"1607",33,7,"green"
"1608",33,8,"yellow"
"1609",33,9,"purple"
"1610",33,10,"orange"
"1611",33,11,"purple"
"1612",33,12,"orange"
"1613",33,13,"purple"
"1614",33,14,"orange"
"1615",33,15,"green"
"1616",33,16,"blue"
"1617",33,17,"blue"
"1618",33,18,"blue"
"1619",33,19,"blue"
"1620",33,20,"purple"
"1621",33,21,"orange"
"1622",33,22,"blue"
"1623",33,23,"red"
"1624",33,24,"yellow"
"1625",33,25,"orange"
"1626",33,26,"green"
"1627",33,27,"blue"
"1628",33,28,"green"
"1629",33,29,"red"
"1630",33,30,"purple"
"1631",33,31,"red"
"1632",33,32,"red"
"1633",33,33,"green"
"1634",33,34,"green"
"1635",33,35,"purple"
"1636",33,36,"orange"
"1637",33,37,"blue"
"1638",33,38,"orange"
"1639",33,39,"purple"
"1640",33,40,"blue"
"1641",33,41,"purple"
"1642",33,42,"green"
"1643",33,43,"blue"
"1644",33,44,"purple"
"1645",33,45,"green"
"1646",33,46,"blue"
"1647",33,47,"purple"
"1648",33,48,"green"
"1649",33,49,"blue"
"1650",33,50,"green"
"1651",34,1,"purple"
"1652",34,2,"yellow"
"1653",34,3,"green"
"1654",34,4,"orange"
"1655",34,5,"purple"
"1656",34,6,"green"
"1657",34,7,"green"
"1658",34,8,"green"
"1659",34,9,"green"
"1660",34,10,"blue"
"1661",34,11,"blue"
"1662",34,12,"green"
"1663",34,13,"red"
"1664",34,14,"blue"
"1665",34,15,"purple"
"1666",34,16,"green"
"1667",34,17,"green"
"1668",34,18,"red"
"1669",34,19,"blue"
"1670",34,20,"green"
"1671",34,21,"yellow"
"1672",34,22,"red"
"1673",34,23,"purple"
"1674",34,24,"blue"
"1675",34,25,"green"
"1676",34,26,"blue"
"1677",34,27,"green"
"1678",34,28,"yellow"
"1679",34,29,"blue"
"1680",34,30,"blue"
"1681",34,31,"yellow"
"1682",34,32,"orange"
"1683",34,33,"red"
"1684",34,34,"purple"
"1685",34,35,"blue"
"1686",34,36,"yellow"
"1687",34,37,"yellow"
"1688",34,38,"green"
"1689",34,39,"red"
"1690",34,40,"orange"
"1691",34,41,"purple"
"1692",34,42,"orange"
"1693",34,43,"green"
"1694",34,44,"purple"
"1695",34,45,"blue"
"1696",34,46,"red"
"1697",34,47,"orange"
"1698",34,48,"green"
"1699",34,49,"yellow"
"1700",34,50,"green"
"1701",35,1,"purple"
"1702",35,2,"purple"
"1703",35,3,"red"
"1704",35,4,"yellow"
"1705",35,5,"green"
"1706",35,6,"yellow"
"1707",35,7,"purple"
"1708",35,8,"red"
"1709",35,9,"purple"
"1710",35,10,"green"
"1711",35,11,"purple"
"1712",35,12,"yellow"
"1713",35,13,"green"
"1714",35,14,"blue"
"1715",35,15,"purple"
"1716",35,16,"yellow"
"1717",35,17,"blue"
"1718",35,18,"yellow"
"1719",35,19,"orange"
"1720",35,20,"green"
"1721",35,21,"purple"
"1722",35,22,"orange"
"1723",35,23,"green"
"1724",35,24,"purple"
"1725",35,25,"purple"
"1726",35,26,"blue"
"1727",35,27,"yellow"
"1728",35,28,"green"
"1729",35,29,"purple"
"1730",35,30,"blue"
"1731",35,31,"blue"
"1732",35,32,"green"
"1733",35,33,"purple"
"1734",35,34,"yellow"
"1735",35,35,"purple"
"1736",35,36,"blue"
"1737",35,37,"purple"
"1738",35,38,"purple"
"1739",35,39,"red"
"1740",35,40,"green"
"1741",35,41,"purple"
"1742",35,42,"yellow"
"1743",35,43,"green"
"1744",35,44,"blue"
"1745",35,45,"blue"
"1746",35,46,"yellow"
"1747",35,47,"green"
"1748",35,48,"red"
"1749",35,49,"blue"
"1750",35,50,"red"
"1751",36,1,"blue"
"1752",36,2,"blue"
"1753",36,3,"orange"
"1754",36,4,"green"
"1755",36,5,"green"
"1756",36,6,"purple"
"1757",36,7,"purple"
"1758",36,8,"purple"
"1759",36,9,"blue"
"1760",36,10,"red"
"1761",36,11,"green"
"1762",36,12,"purple"
"1763",36,13,"purple"
"1764",36,14,"green"
"1765",36,15,"green"
"1766",36,16,"purple"
"1767",36,17,"purple"
"1768",36,18,"blue"
"1769",36,19,"red"
"1770",36,20,"purple"
"1771",36,21,"green"
"1772",36,22,"green"
"1773",36,23,"green"
"1774",36,24,"orange"
"1775",36,25,"purple"
"1776",36,26,"purple"
"1777",36,27,"blue"
"1778",36,28,"green"
"1779",36,29,"yellow"
"1780",36,30,"purple"
"1781",36,31,"purple"
"1782",36,32,"orange"
"1783",36,33,"yellow"
"1784",36,34,"red"
"1785",36,35,"green"
"1786",36,36,"purple"
"1787",36,37,"blue"
"1788",36,38,"green"
"1789",36,39,"blue"
"1790",36,40,"orange"
"1791",36,41,"purple"
"1792",36,42,"red"
"1793",36,43,"green"
"1794",36,44,"purple"
"1795",36,45,"orange"
"1796",36,46,"yellow"
"1797",36,47,"green"
"1798",36,48,"blue"
"1799",36,49,"blue"
"1800",36,50,"blue"
"1801",37,1,"red"
"1802",37,2,"blue"
"1803",37,3,"blue"
"1804",37,4,"yellow"
"1805",37,5,"green"
"1806",37,6,"green"
"1807",37,7,"purple"
"1808",37,8,"purple"
"1809",37,9,"green"
"1810",37,10,"orange"
"1811",37,11,"red"
"1812",37,12,"green"
"1813",37,13,"green"
"1814",37,14,"blue"
"1815",37,15,"blue"
"1816",37,16,"purple"
"1817",37,17,"yellow"
"1818",37,18,"red"
"1819",37,19,"blue"
"1820",37,20,"orange"
"1821",37,21,"yellow"
"1822",37,22,"blue"
"1823",37,23,"green"
"1824",37,24,"blue"
"1825",37,25,"blue"
"1826",37,26,"purple"
"1827",37,27,"orange"
"1828",37,28,"yellow"
"1829",37,29,"blue"
"1830",37,30,"purple"
"1831",37,31,"green"
"1832",37,32,"green"
"1833",37,33,"yellow"
"1834",37,34,"blue"
"1835",37,35,"green"
"1836",37,36,"blue"
"1837",37,37,"green"
"1838",37,38,"blue"
"1839",37,39,"purple"
"1840",37,40,"green"
"1841",37,41,"yellow"
"1842",37,42,"blue"
"1843",37,43,"orange"
"1844",37,44,"purple"
"1845",37,45,"yellow"
"1846",37,46,"orange"
"1847",37,47,"blue"
"1848",37,48,"purple"
"1849",37,49,"orange"
"1850",37,50,"purple"
"1851",38,1,"purple"
"1852",38,2,"green"
"1853",38,3,"red"
"1854",38,4,"orange"
"1855",38,5,"purple"
"1856",38,6,"purple"
"1857",38,7,"purple"
"1858",38,8,"blue"
"1859",38,9,"blue"
"1860",38,10,"red"
"1861",38,11,"green"
"1862",38,12,"blue"
"1863",38,13,"yellow"
"1864",38,14,"purple"
"1865",38,15,"green"
"1866",38,16,"red"
"1867",38,17,"orange"
"1868",38,18,"blue"
"1869",38,19,"green"
"1870",38,20,"purple"
"1871",38,21,"blue"
"1872",38,22,"yellow"
"1873",38,23,"purple"
"1874",38,24,"green"
"1875",38,25,"yellow"
"1876",38,26,"green"
"1877",38,27,"purple"
"1878",38,28,"yellow"
"1879",38,29,"green"
"1880",38,30,"green"
"1881",38,31,"orange"
"1882",38,32,"purple"
"1883",38,33,"red"
"1884",38,34,"purple"
"1885",38,35,"orange"
"1886",38,36,"green"
"1887",38,37,"red"
"1888",38,38,"blue"
"1889",38,39,"purple"
"1890",38,40,"purple"
"1891",38,41,"green"
"1892",38,42,"blue"
"1893",38,43,"orange"
"1894",38,44,"purple"
"1895",38,45,"orange"
"1896",38,46,"blue"
"1897",38,47,"yellow"
"1898",38,48,"orange"
"1899",38,49,"purple"
"1900",38,50,"purple"
"1901",39,1,"purple"
"1902",39,2,"green"
"1903",39,3,"green"
"1904",39,4,"red"
"1905",39,5,"green"
"1906",39,6,"orange"
"1907",39,7,"green"
"1908",39,8,"orange"
"1909",39,9,"orange"
"1910",39,10,"yellow"
"1911",39,11,"orange"
"1912",39,12,"yellow"
"1913",39,13,"red"
"1914",39,14,"green"
"1915",39,15,"orange"
"1916",39,16,"green"
"1917",39,17,"red"
"1918",39,18,"green"
"1919",39,19,"green"
"1920",39,20,"orange"
"1921",39,21,"green"
"1922",39,22,"blue"
"1923",39,23,"red"
"1924",39,24,"red"
"1925",39,25,"purple"
"1926",39,26,"orange"
"1927",39,27,"purple"
"1928",39,28,"green"
"1929",39,29,"purple"
"1930",39,30,"orange"
"1931",39,31,"blue"
"1932",39,32,"orange"
"1933",39,33,"purple"
"1934",39,34,"orange"
"1935",39,35,"purple"
"1936",39,36,"purple"
"1937",39,37,"blue"
"1938",39,38,"yellow"
"1939",39,39,"blue"
"1940",39,40,"orange"
"1941",39,41,"green"
"1942",39,42,"purple"
"1943",39,43,"purple"
"1944",39,44,"purple"
"1945",39,45,"green"
"1946",39,46,"purple"
"1947",39,47,"yellow"
"1948",39,48,"green"
"1949",39,49,"blue"
"1950",39,50,"green"
"1951",40,1,"green"
"1952",40,2,"yellow"
"1953",40,3,"orange"
"1954",40,4,"purple"
"1955",40,5,"red"
"1956",40,6,"purple"
"1957",40,7,"blue"
"1958",40,8,"purple"
"1959",40,9,"green"
"1960",40,10,"red"
"1961",40,11,"green"
"1962",40,12,"green"
"1963",40,13,"green"
"1964",40,14,"green"
"1965",40,15,"purple"
"1966",40,16,"blue"
"1967",40,17,"orange"
"1968",40,18,"red"
"1969",40,19,"orange"
"1970",40,20,"orange"
"1971",40,21,"yellow"
"1972",40,22,"purple"
"1973",40,23,"green"
"1974",40,24,"blue"
"1975",40,25,"blue"
"1976",40,26,"orange"
"1977",40,27,"green"
"1978",40,28,"purple"
"1979",40,29,"yellow"
"1980",40,30,"orange"
"1981",40,31,"orange"
"1982",40,32,"green"
"1983",40,33,"purple"
"1984",40,34,"purple"
"1985",40,35,"green"
"1986",40,36,"green"
"1987",40,37,"purple"
"1988",40,38,"yellow"
"1989",40,39,"green"
"1990",40,40,"red"
"1991",40,41,"green"
"1992",40,42,"purple"
"1993",40,43,"purple"
"1994",40,44,"blue"
"1995",40,45,"purple"
"1996",40,46,"blue"
"1997",40,47,"yellow"
"1998",40,48,"green"
"1999",40,49,"green"
"2000",40,50,"purple"
"2001",41,1,"orange"
"2002",41,2,"red"
"2003",41,3,"red"
"2004",41,4,"blue"
"2005",41,5,"purple"
"2006",41,6,"orange"
"2007",41,7,"blue"
"2008",41,8,"blue"
"2009",41,9,"green"
"2010",41,10,"yellow"
"2011",41,11,"blue"
"2012",41,12,"yellow"
"2013",41,13,"orange"
"2014",41,14,"green"
"2015",41,15,"blue"
"2016",41,16,"green"
"2017",41,17,"green"
"2018",41,18,"yellow"
"2019",41,19,"orange"
"2020",41,20,"orange"
"2021",41,21,"blue"
"2022",41,22,"yellow"
"2023",41,23,"green"
"2024",41,24,"green"
"2025",41,25,"purple"
"2026",41,26,"orange"
"2027",41,27,"yellow"
"2028",41,28,"purple"
"2029",41,29,"purple"
"2030",41,30,"red"
"2031",41,31,"red"
"2032",41,32,"purple"
"2033",41,33,"red"
"2034",41,34,"purple"
"2035",41,35,"green"
"2036",41,36,"green"
"2037",41,37,"purple"
"2038",41,38,"yellow"
"2039",41,39,"green"
"2040",41,40,"blue"
"2041",41,41,"blue"
"2042",41,42,"blue"
"2043",41,43,"green"
"2044",41,44,"blue"
"2045",41,45,"green"
"2046",41,46,"blue"
"2047",41,47,"blue"
"2048",41,48,"green"
"2049",41,49,"green"
"2050",41,50,"orange"
"2051",42,1,"yellow"
"2052",42,2,"purple"
"2053",42,3,"purple"
"2054",42,4,"green"
"2055",42,5,"red"
"2056",42,6,"red"
"2057",42,7,"orange"
"2058",42,8,"orange"
"2059",42,9,"orange"
"2060",42,10,"purple"
"2061",42,11,"green"
"2062",42,12,"orange"
"2063",42,13,"orange"
"2064",42,14,"green"
"2065",42,15,"red"
"2066",42,16,"orange"
"2067",42,17,"green"
"2068",42,18,"green"
"2069",42,19,"green"
"2070",42,20,"red"
"2071",42,21,"orange"
"2072",42,22,"purple"
"2073",42,23,"green"
"2074",42,24,"purple"
"2075",42,25,"yellow"
"2076",42,26,"green"
"2077",42,27,"orange"
"2078",42,28,"blue"
"2079",42,29,"blue"
"2080",42,30,"orange"
"2081",42,31,"green"
"2082",42,32,"purple"
"2083",42,33,"blue"
"2084",42,34,"purple"
"2085",42,35,"blue"
"2086",42,36,"red"
"2087",42,37,"orange"
"2088",42,38,"red"
"2089",42,39,"purple"
"2090",42,40,"blue"
"2091",42,41,"purple"
"2092",42,42,"green"
"2093",42,43,"red"
"2094",42,44,"yellow"
"2095",42,45,"purple"
"2096",42,46,"blue"
"2097",42,47,"orange"
"2098",42,48,"green"
"2099",42,49,"green"
"2100",42,50,"red"
"2101",43,1,"purple"
"2102",43,2,"orange"
"2103",43,3,"purple"
"2104",43,4,"red"
"2105",43,5,"green"
"2106",43,6,"blue"
"2107",43,7,"yellow"
"2108",43,8,"orange"
"2109",43,9,"red"
"2110",43,10,"purple"
"2111",43,11,"blue"
"2112",43,12,"yellow"
"2113",43,13,"purple"
"2114",43,14,"purple"
"2115",43,15,"purple"
"2116",43,16,"orange"
"2117",43,17,"green"
"2118",43,18,"red"
"2119",43,19,"orange"
"2120",43,20,"green"
"2121",43,21,"blue"
"2122",43,22,"purple"
"2123",43,23,"purple"
"2124",43,24,"orange"
"2125",43,25,"purple"
"2126",43,26,"green"
"2127",43,27,"blue"
"2128",43,28,"purple"
"2129",43,29,"green"
"2130",43,30,"red"
"2131",43,31,"blue"
"2132",43,32,"blue"
"2133",43,33,"blue"
"2134",43,34,"green"
"2135",43,35,"purple"
"2136",43,36,"green"
"2137",43,37,"yellow"
"2138",43,38,"green"
"2139",43,39,"green"
"2140",43,40,"purple"
"2141",43,41,"blue"
"2142",43,42,"yellow"
"2143",43,43,"blue"
"2144",43,44,"green"
"2145",43,45,"red"
"2146",43,46,"blue"
"2147",43,47,"yellow"
"2148",43,48,"green"
"2149",43,49,"green"
"2150",43,50,"blue"
"2151",44,1,"yellow"
"2152",44,2,"purple"
"2153",44,3,"purple"
"2154",44,4,"orange"
"2155",44,5,"green"
"2156",44,6,"orange"
"2157",44,7,"green"
"2158",44,8,"green"
"2159",44,9,"red"
"2160",44,10,"green"
"2161",44,11,"blue"
"2162",44,12,"orange"
"2163",44,13,"green"
"2164",44,14,"orange"
"2165",44,15,"purple"
"2166",44,16,"blue"
"2167",44,17,"purple"
"2168",44,18,"orange"
"2169",44,19,"yellow"
"2170",44,20,"purple"
"2171",44,21,"yellow"
"2172",44,22,"yellow"
"2173",44,23,"green"
"2174",44,24,"blue"
"2175",44,25,"purple"
"2176",44,26,"yellow"
"2177",44,27,"green"
"2178",44,28,"yellow"
"2179",44,29,"purple"
"2180",44,30,"blue"
"2181",44,31,"blue"
"2182",44,32,"blue"
"2183",44,33,"purple"
"2184",44,34,"orange"
"2185",44,35,"green"
"2186",44,36,"orange"
"2187",44,37,"yellow"
"2188",44,38,"green"
"2189",44,39,"red"
"2190",44,40,"green"
"2191",44,41,"purple"
"2192",44,42,"red"
"2193",44,43,"red"
"2194",44,44,"green"
"2195",44,45,"purple"
"2196",44,46,"blue"
"2197",44,47,"green"
"2198",44,48,"orange"
"2199",44,49,"blue"
"2200",44,50,"green"
"2201",45,1,"red"
"2202",45,2,"purple"
"2203",45,3,"purple"
"2204",45,4,"orange"
"2205",45,5,"green"
"2206",45,6,"green"
"2207",45,7,"blue"
"2208",45,8,"red"
"2209",45,9,"yellow"
"2210",45,10,"purple"
"2211",45,11,"red"
"2212",45,12,"green"
"2213",45,13,"purple"
"2214",45,14,"orange"
"2215",45,15,"blue"
"2216",45,16,"purple"
"2217",45,17,"purple"
"2218",45,18,"orange"
"2219",45,19,"red"
"2220",45,20,"blue"
"2221",45,21,"purple"
"2222",45,22,"yellow"
"2223",45,23,"red"
"2224",45,24,"purple"
"2225",45,25,"orange"
"2226",45,26,"blue"
"2227",45,27,"green"
"2228",45,28,"yellow"
"2229",45,29,"green"
"2230",45,30,"blue"
"2231",45,31,"green"
"2232",45,32,"green"
"2233",45,33,"yellow"
"2234",45,34,"yellow"
"2235",45,35,"purple"
"2236",45,36,"orange"
"2237",45,37,"orange"
"2238",45,38,"purple"
"2239",45,39,"blue"
"2240",45,40,"orange"
"2241",45,41,"red"
"2242",45,42,"purple"
"2243",45,43,"purple"
"2244",45,44,"red"
"2245",45,45,"green"
"2246",45,46,"yellow"
"2247",45,47,"green"
"2248",45,48,"green"
"2249",45,49,"purple"
"2250",45,50,"green"
"2251",46,1,"green"
"2252",46,2,"red"
"2253",46,3,"red"
"2254",46,4,"blue"
"2255",46,5,"yellow"
"2256",46,6,"green"
"2257",46,7,"orange"
"2258",46,8,"green"
"2259",46,9,"blue"
"2260",46,10,"green"
"2261",46,11,"green"
"2262",46,12,"yellow"
"2263",46,13,"orange"
"2264",46,14,"green"
"2265",46,15,"blue"
"2266",46,16,"purple"
"2267",46,17,"red"
"2268",46,18,"purple"
"2269",46,19,"orange"
"2270",46,20,"green"
"2271",46,21,"green"
"2272",46,22,"green"
"2273",46,23,"blue"
"2274",46,24,"blue"
"2275",46,25,"red"
"2276",46,26,"green"
"2277",46,27,"green"
"2278",46,28,"orange"
"2279",46,29,"green"
"2280",46,30,"yellow"
"2281",46,31,"red"
"2282",46,32,"blue"
"2283",46,33,"purple"
"2284",46,34,"yellow"
"2285",46,35,"red"
"2286",46,36,"purple"
"2287",46,37,"purple"
"2288",46,38,"red"
"2289",46,39,"yellow"
"2290",46,40,"green"
"2291",46,41,"green"
"2292",46,42,"blue"
"2293",46,43,"purple"
"2294",46,44,"blue"
"2295",46,45,"red"
"2296",46,46,"purple"
"2297",46,47,"purple"
"2298",46,48,"red"
"2299",46,49,"purple"
"2300",46,50,"orange"
"2301",47,1,"purple"
"2302",47,2,"yellow"
"2303",47,3,"yellow"
"2304",47,4,"red"
"2305",47,5,"orange"
"2306",47,6,"green"
"2307",47,7,"green"
"2308",47,8,"orange"
"2309",47,9,"purple"
"2310",47,10,"orange"
"2311",47,11,"green"
"2312",47,12,"green"
"2313",47,13,"purple"
"2314",47,14,"purple"
"2315",47,15,"purple"
"2316",47,16,"red"
"2317",47,17,"purple"
"2318",47,18,"purple"
"2319",47,19,"red"
"2320",47,20,"purple"
"2321",47,21,"green"
"2322",47,22,"red"
"2323",47,23,"purple"
"2324",47,24,"red"
"2325",47,25,"green"
"2326",47,26,"green"
"2327",47,27,"purple"
"2328",47,28,"green"
"2329",47,29,"purple"
"2330",47,30,"blue"
"2331",47,31,"blue"
"2332",47,32,"yellow"
"2333",47,33,"purple"
"2334",47,34,"purple"
"2335",47,35,"purple"
"2336",47,36,"purple"
"2337",47,37,"orange"
"2338",47,38,"yellow"
"2339",47,39,"blue"
"2340",47,40,"orange"
"2341",47,41,"yellow"
"2342",47,42,"yellow"
"2343",47,43,"red"
"2344",47,44,"green"
"2345",47,45,"purple"
"2346",47,46,"orange"
"2347",47,47,"yellow"
"2348",47,48,"purple"
"2349",47,49,"green"
"2350",47,50,"blue"
"2351",48,1,"yellow"
"2352",48,2,"yellow"
"2353",48,3,"purple"
"2354",48,4,"blue"
"2355",48,5,"orange"
"2356",48,6,"green"
"2357",48,7,"blue"
"2358",48,8,"green"
"2359",48,9,"green"
"2360",48,10,"purple"
"2361",48,11,"orange"
"2362",48,12,"blue"
"2363",48,13,"blue"
"2364",48,14,"orange"
"2365",48,15,"purple"
"2366",48,16,"orange"
"2367",48,17,"red"
"2368",48,18,"orange"
"2369",48,19,"blue"
"2370",48,20,"purple"
"2371",48,21,"purple"
"2372",48,22,"orange"
"2373",48,23,"green"
"2374",48,24,"green"
"2375",48,25,"purple"
"2376",48,26,"orange"
"2377",48,27,"blue"
"2378",48,28,"yellow"
"2379",48,29,"yellow"
"2380",48,30,"green"
"2381",48,31,"green"
"2382",48,32,"blue"
"2383",48,33,"red"
"2384",48,34,"purple"
"2385",48,35,"green"
"2386",48,36,"purple"
"2387",48,37,"blue"
"2388",48,38,"green"
"2389",48,39,"red"
"2390",48,40,"blue"
"2391",48,41,"yellow"
"2392",48,42,"yellow"
"2393",48,43,"purple"
"2394",48,44,"blue"
"2395",48,45,"orange"
"2396",48,46,"purple"
"2397",48,47,"yellow"
"2398",48,48,"blue"
"2399",48,49,"orange"
"2400",48,50,"green"
"2401",49,1,"green"
"2402",49,2,"yellow"
"2403",49,3,"purple"
"2404",49,4,"blue"
"2405",49,5,"green"
"2406",49,6,"red"
"2407",49,7,"blue"
"2408",49,8,"yellow"
"2409",49,9,"blue"
"2410",49,10,"purple"
"2411",49,11,"green"
"2412",49,12,"orange"
"2413",49,13,"purple"
"2414",49,14,"green"
"2415",49,15,"green"
"2416",49,16,"blue"
"2417",49,17,"green"
"2418",49,18,"green"
"2419",49,19,"blue"
"2420",49,20,"orange"
"2421",49,21,"yellow"
"2422",49,22,"green"
"2423",49,23,"blue"
"2424",49,24,"blue"
"2425",49,25,"yellow"
"2426",49,26,"blue"
"2427",49,27,"purple"
"2428",49,28,"green"
"2429",49,29,"green"
"2430",49,30,"blue"
"2431",49,31,"orange"
"2432",49,32,"green"
"2433",49,33,"purple"
"2434",49,34,"purple"
"2435",49,35,"green"
"2436",49,36,"yellow"
"2437",49,37,"green"
"2438",49,38,"orange"
"2439",49,39,"orange"
"2440",49,40,"purple"
"2441",49,41,"yellow"
"2442",49,42,"orange"
"2443",49,43,"purple"
"2444",49,44,"purple"
"2445",49,45,"blue"
"2446",49,46,"yellow"
"2447",49,47,"yellow"
"2448",49,48,"purple"
"2449",49,49,"blue"
"2450",49,50,"red"
"2451",50,1,"green"
"2452",50,2,"blue"
"2453",50,3,"red"
"2454",50,4,"blue"
"2455",50,5,"purple"
"2456",50,6,"blue"
"2457",50,7,"blue"
"2458",50,8,"red"
"2459",50,9,"blue"
"2460",50,10,"red"
"2461",50,11,"green"
"2462",50,12,"purple"
"2463",50,13,"blue"
"2464",50,14,"purple"
"2465",50,15,"orange"
"2466",50,16,"blue"
"2467",50,17,"purple"
"2468",50,18,"yellow"
"2469",50,19,"orange"
"2470",50,20,"green"
"2471",50,21,"purple"
"2472",50,22,"blue"
"2473",50,23,"green"
"2474",50,24,"red"
"2475",50,25,"green"
"2476",50,26,"yellow"
"2477",50,27,"green"
"2478",50,28,"green"
"2479",50,29,"green"
"2480",50,30,"yellow"
"2481",50,31,"blue"
"2482",50,32,"purple"
"2483",50,33,"red"
"2484",50,34,"blue"
"2485",50,35,"blue"
"2486",50,36,"green"
"2487",50,37,"green"
"2488",50,38,"orange"
"2489",50,39,"green"
"2490",50,40,"green"
"2491",50,41,"blue"
"2492",50,42,"purple"
"2493",50,43,"orange"
"2494",50,44,"yellow"
"2495",50,45,"green"
"2496",50,46,"purple"
"2497",50,47,"red"
"2498",50,48,"orange"
"2499",50,49,"purple"
"2500",50,50,"green"
